                  epoch,         train/box_loss,         train/cls_loss,         train/dfl_loss,   metrics/precision(B),      metrics/recall(B),       metrics/mAP50(B),    metrics/mAP50-95(B),           val/box_loss,           val/cls_loss,           val/dfl_loss,                 lr/pg0,                 lr/pg1,                 lr/pg2
                      1,                 1.8822,                 1.9903,                 1.1428,                0.55085,                0.23565,                0.28431,                0.14714,                 1.6945,                 1.3889,                 1.0605,                0.06702,             0.00033313,             0.00033313
                      2,                  1.791,                 1.4469,                  1.096,                0.48424,                0.31991,                 0.3448,                0.17466,                 1.6362,                 1.1889,                 1.0323,               0.034012,             0.00065821,             0.00065821
                      3,                 1.7283,                 1.2985,                 1.0716,                0.49978,                0.34166,                0.36631,                0.18764,                 1.6066,                 1.1159,                 1.0176,             0.00099565,             0.00097505,             0.00097505
                      4,                 1.6916,                  1.221,                 1.0402,                0.50529,                0.35908,                0.38315,                0.19657,                 1.5659,                 1.0587,                0.99906,             0.00096288,             0.00096288,             0.00096288
                      5,                 1.6551,                  1.173,                 1.0218,                0.52408,                0.36373,                0.39414,                0.20395,                 1.5491,                 1.0302,                  0.985,              0.0009505,              0.0009505,              0.0009505
                      6,                 1.6442,                 1.1396,                 1.0115,                0.53549,                0.37033,                0.40475,                0.20808,                 1.5519,                 1.0235,                0.98176,             0.00093813,             0.00093813,             0.00093813
                      7,                 1.6299,                 1.1185,                 1.0047,                0.53291,                0.37663,                0.40876,                0.21276,                  1.521,                0.99512,                0.96923,             0.00092575,             0.00092575,             0.00092575
                      8,                  1.612,                 1.0982,                0.99614,                0.53592,                0.38607,                0.41907,                0.21789,                  1.511,                 0.9793,                0.96687,             0.00091337,             0.00091337,             0.00091337
                      9,                  1.604,                  1.083,                0.99548,                0.54663,                0.38725,                0.42245,                0.22027,                 1.4996,                0.96715,                0.96286,               0.000901,               0.000901,               0.000901
                     10,                 1.5839,                 1.0593,                0.98863,                0.55855,                0.38866,                0.42643,                0.22317,                  1.494,                0.95192,                 0.9632,             0.00088862,             0.00088862,             0.00088862
                     11,                 1.5795,                  1.046,                0.98568,                0.56284,                0.39001,                0.42987,                0.22248,                 1.4967,                0.95439,                0.95961,             0.00087625,             0.00087625,             0.00087625
                     12,                 1.5692,                 1.0314,                0.98089,                0.55824,                0.39612,                0.43218,                0.22584,                  1.487,                0.94516,                0.95596,             0.00086388,             0.00086388,             0.00086388
                     13,                 1.5652,                 1.0259,                0.97904,                0.56615,                0.40153,                0.43999,                0.22936,                 1.4821,                0.93504,                0.95375,              0.0008515,              0.0008515,              0.0008515
                     14,                 1.5592,                 1.0125,                0.97485,                0.57225,                0.40077,                0.44397,                0.23204,                 1.4737,                0.92711,                0.95093,             0.00083913,             0.00083913,             0.00083913
                     15,                 1.5557,                 1.0072,                0.97492,                0.56335,                0.40092,                0.44343,                0.23167,                  1.476,                0.92045,                0.95269,             0.00082675,             0.00082675,             0.00082675
                     16,                 1.5477,                0.99501,                0.97121,                0.58086,                0.40337,                0.44836,                0.23438,                 1.4661,                0.91908,                0.94953,             0.00081437,             0.00081437,             0.00081437
                     17,                  1.545,                0.98947,                0.96894,                0.57209,                0.40985,                0.45205,                0.23593,                 1.4626,                0.90636,                0.94786,               0.000802,               0.000802,               0.000802
                     18,                   1.54,                0.98567,                0.96815,                0.56383,                0.40589,                0.44822,                0.23578,                 1.4597,                0.90299,                0.94633,             0.00078963,             0.00078963,             0.00078963
                     19,                 1.5395,                0.97984,                0.96723,                0.57695,                0.40776,                0.45386,                0.23821,                 1.4534,                0.89874,                0.94652,             0.00077725,             0.00077725,             0.00077725
                     20,                  1.532,                0.97221,                0.96452,                0.58149,                0.41073,                 0.4557,                 0.2398,                 1.4475,                0.89257,                0.94422,             0.00076488,             0.00076488,             0.00076488
                     21,                 1.5211,                0.96265,                0.96079,                0.57834,                0.41087,                  0.458,                0.24043,                 1.4438,                0.88988,                0.94191,              0.0007525,              0.0007525,              0.0007525
                     22,                 1.5259,                0.96111,                0.96099,                0.57362,                0.41973,                0.46166,                0.24273,                 1.4404,                 0.8852,                0.94116,             0.00074013,             0.00074013,             0.00074013
                     23,                 1.5135,                0.95123,                0.95959,                0.57393,                 0.4193,                0.45914,                  0.242,                  1.439,                0.88656,                0.94007,             0.00072775,             0.00072775,             0.00072775
                     24,                 1.5109,                0.94984,                0.95799,                0.58308,                0.41693,                0.46299,                0.24234,                 1.4425,                0.88337,                0.94117,             0.00071537,             0.00071537,             0.00071537
                     25,                 1.5156,                 0.9449,                0.95982,                0.57982,                0.42341,                0.46652,                0.24554,                 1.4319,                0.87901,                0.94037,               0.000703,               0.000703,               0.000703
                     26,                  1.511,                0.94347,                0.95847,                 0.5777,                0.42572,                0.46807,                0.24601,                 1.4318,                0.87386,                0.93898,             0.00069063,             0.00069063,             0.00069063
                     27,                 1.5094,                0.93911,                0.95625,                0.58309,                0.42473,                0.46845,                0.24621,                 1.4297,                0.87444,                0.93765,             0.00067825,             0.00067825,             0.00067825
                     28,                 1.4954,                0.93236,                0.95767,                0.58532,                0.42281,                0.46895,                0.24664,                 1.4272,                0.87095,                0.93759,             0.00066588,             0.00066588,             0.00066588
                     29,                 1.4996,                0.92898,                0.95394,                0.59074,                 0.4236,                0.47031,                0.24802,                 1.4258,                0.86644,                0.93808,              0.0006535,              0.0006535,              0.0006535
                     30,                 1.4992,                0.92938,                0.95413,                0.59096,                0.42556,                0.47096,                0.24822,                 1.4263,                 0.8675,                0.93842,             0.00064112,             0.00064112,             0.00064112
                     31,                 1.4971,                0.92705,                0.95424,                0.58317,                0.42582,                0.46988,                0.24808,                 1.4234,                 0.8634,                0.93677,             0.00062875,             0.00062875,             0.00062875
                     32,                 1.4912,                0.91865,                0.95128,                0.58787,                0.42675,                0.47428,                0.24947,                 1.4237,                0.86041,                0.93534,             0.00061638,             0.00061638,             0.00061638
                     33,                  1.493,                0.91756,                0.95094,                0.58741,                 0.4258,                0.47405,                0.25035,                 1.4158,                0.85791,                0.93519,               0.000604,               0.000604,               0.000604
                     34,                 1.4952,                0.91996,                0.95122,                0.58334,                0.42895,                0.47541,                0.25093,                  1.417,                0.85667,                0.93557,             0.00059163,             0.00059163,             0.00059163
                     35,                 1.4826,                0.90956,                0.94919,                0.59076,                0.43169,                0.47964,                0.25271,                 1.4172,                0.85621,                 0.9366,             0.00057925,             0.00057925,             0.00057925
                     36,                  1.493,                 0.9125,                0.94924,                0.57952,                0.43488,                0.47649,                0.25147,                 1.4159,                0.85361,                0.93476,             0.00056687,             0.00056687,             0.00056687
                     37,                 1.4879,                0.91002,                0.94873,                 0.5928,                0.43126,                0.47846,                0.25232,                 1.4131,                0.85327,                0.93378,              0.0005545,              0.0005545,              0.0005545
                     38,                 1.4868,                0.91445,                0.95003,                0.59071,                 0.4311,                0.47799,                 0.2529,                  1.411,                0.85096,                0.93248,             0.00054212,             0.00054212,             0.00054212
                     39,                  1.474,                0.90311,                0.94741,                0.59181,                0.42894,                0.47846,                0.25267,                 1.4121,                  0.848,                0.93374,             0.00052975,             0.00052975,             0.00052975
                     40,                 1.4663,                 0.8992,                0.94604,                0.59812,                0.43629,                0.48388,                0.25589,                 1.4055,                0.84257,                0.93137,             0.00051737,             0.00051737,             0.00051737
                     41,                 1.4743,                0.89801,                0.94538,                0.59738,                0.43309,                0.48078,                0.25464,                 1.4074,                 0.8424,                0.93222,               0.000505,               0.000505,               0.000505
                     42,                 1.4752,                0.89893,                0.94704,                0.59362,                0.43189,                 0.4819,                0.25481,                 1.4085,                0.84189,                0.93226,             0.00049263,             0.00049263,             0.00049263
                     43,                 1.4682,                0.89615,                0.94532,                0.59275,                0.43262,                 0.4801,                0.25458,                 1.4043,                0.84101,                0.93131,             0.00048025,             0.00048025,             0.00048025
                     44,                 1.4754,                0.89609,                0.94494,                0.59627,                0.43193,                0.48318,                 0.2556,                 1.4068,                0.84221,                0.93234,             0.00046788,             0.00046788,             0.00046788
                     45,                 1.4759,                0.89526,                0.94544,                0.59471,                0.43505,                 0.4839,                 0.2563,                 1.4038,                0.83853,                0.93175,              0.0004555,              0.0004555,              0.0004555
                     46,                 1.4709,                  0.892,                0.94405,                0.59771,                0.43434,                 0.4839,                0.25643,                 1.4051,                0.83791,                0.93198,             0.00044312,             0.00044312,             0.00044312
                     47,                 1.4696,                0.89202,                 0.9455,                0.59698,                0.43592,                0.48362,                0.25632,                  1.402,                0.83801,                0.93056,             0.00043075,             0.00043075,             0.00043075
                     48,                 1.4603,                0.88402,                0.94384,                0.59018,                0.43725,                0.48379,                0.25634,                  1.402,                0.83574,                0.92988,             0.00041838,             0.00041838,             0.00041838
                     49,                 1.4646,                0.88624,                0.94338,                  0.604,                0.43381,                0.48573,                0.25726,                 1.4003,                0.83659,                0.92949,               0.000406,               0.000406,               0.000406
                     50,                 1.4544,                0.87918,                0.93969,                0.60207,                0.43674,                  0.487,                0.25781,                  1.402,                0.83312,                0.93075,             0.00039362,             0.00039362,             0.00039362
                     51,                 1.4627,                0.88431,                0.94308,                0.60299,                0.43612,                0.48713,                0.25833,                 1.3973,                0.83238,                0.92952,             0.00038125,             0.00038125,             0.00038125
                     52,                 1.4614,                0.88215,                0.94341,                 0.6025,                0.43834,                0.48891,                0.25869,                 1.3969,                0.83062,                0.92906,             0.00036888,             0.00036888,             0.00036888
                     53,                 1.4556,                0.87844,                0.94043,                0.60362,                 0.4373,                0.48826,                0.25875,                  1.396,                 0.8288,                0.92853,              0.0003565,              0.0003565,              0.0003565
                     54,                 1.4537,                0.87505,                0.94106,                0.60128,                 0.4386,                0.48939,                0.25955,                 1.3961,                0.82931,                0.92871,             0.00034413,             0.00034413,             0.00034413
                     55,                 1.4597,                0.87757,                 0.9406,                0.60089,                0.44004,                0.48911,                0.25992,                 1.3956,                0.82806,                0.92916,             0.00033175,             0.00033175,             0.00033175
                     56,                 1.4546,                 0.8779,                0.94164,                0.59664,                0.43878,                0.48879,                 0.2599,                 1.3928,                0.82751,                0.92827,             0.00031938,             0.00031938,             0.00031938
                     57,                 1.4499,                0.87205,                0.94025,                0.60585,                 0.4381,                0.49094,                0.26044,                 1.3936,                0.82731,                0.92829,               0.000307,               0.000307,               0.000307
                     58,                 1.4558,                0.87432,                0.93987,                0.60536,                0.44071,                0.49109,                0.26014,                 1.3942,                0.82684,                0.92857,             0.00029462,             0.00029462,             0.00029462
                     59,                 1.4472,                0.86714,                 0.9379,                0.60274,                0.44099,                0.49088,                0.26007,                 1.3957,                0.82752,                0.92876,             0.00028225,             0.00028225,             0.00028225
                     60,                 1.4519,                0.86637,                0.93981,                0.59997,                0.44058,                 0.4906,                 0.2604,                 1.3945,                0.82517,                 0.9283,             0.00026987,             0.00026987,             0.00026987
                     61,                   1.45,                0.86849,                0.93879,                0.60105,                0.44001,                 0.4908,                0.25989,                  1.396,                0.82529,                0.92859,              0.0002575,              0.0002575,              0.0002575
                     62,                 1.4416,                0.86566,                0.93785,                0.59664,                   0.44,                0.49074,                0.26046,                 1.3943,                0.82386,                0.92849,             0.00024513,             0.00024513,             0.00024513
                     63,                 1.4489,                0.86791,                0.93816,                0.59572,                0.44243,                0.49145,                0.26095,                 1.3936,                0.82386,                0.92808,             0.00023275,             0.00023275,             0.00023275
                     64,                 1.4441,                0.86554,                0.93855,                0.60473,                0.44003,                0.49209,                 0.2611,                 1.3922,                0.82198,                0.92817,             0.00022038,             0.00022038,             0.00022038
                     65,                 1.4468,                0.86807,                0.93953,                 0.6023,                0.44185,                0.49302,                0.26141,                  1.392,                0.82179,                0.92796,               0.000208,               0.000208,               0.000208
                     66,                 1.4508,                 0.8714,                0.94069,                0.60556,                0.43986,                0.49324,                0.26174,                 1.3913,                0.82208,                0.92718,             0.00019562,             0.00019562,             0.00019562
                     67,                 1.4451,                 0.8655,                0.93507,                0.60503,                0.43901,                0.49262,                0.26124,                 1.3927,                0.82157,                0.92774,             0.00018325,             0.00018325,             0.00018325
                     68,                 1.4434,                0.86302,                 0.9359,                0.60768,                0.44012,                0.49276,                 0.2616,                 1.3927,                0.82199,                0.92768,             0.00017087,             0.00017087,             0.00017087
                     69,                 1.4392,                0.86148,                0.93641,                 0.6024,                0.44259,                0.49513,                0.26223,                 1.3898,                0.82032,                0.92682,              0.0001585,              0.0001585,              0.0001585
                     70,                 1.4375,                0.86105,                0.93778,                0.60328,                0.44326,                0.49493,                0.26246,                 1.3885,                0.81948,                0.92659,             0.00014612,             0.00014612,             0.00014612
                     71,                 1.4399,                 0.8786,                0.93947,                 0.6034,                 0.4376,                0.48825,                0.25857,                  1.399,                0.82972,                0.92887,             0.00013375,             0.00013375,             0.00013375
                     72,                 1.4282,                0.86225,                0.93707,                0.60468,                0.43665,                0.48798,                 0.2583,                 1.3994,                0.82935,                0.92903,             0.00012138,             0.00012138,             0.00012138
                     73,                 1.4256,                0.85804,                0.93373,                0.60045,                0.43951,                0.48887,                0.25854,                 1.3994,                0.82913,                0.92852,               0.000109,               0.000109,               0.000109
                     74,                 1.4275,                0.85717,                0.93539,                0.59989,                0.43953,                0.48864,                0.25896,                 1.3987,                0.82879,                0.92838,             9.6625e-05,             9.6625e-05,             9.6625e-05
                     75,                 1.4245,                0.85347,                0.93483,                0.59887,                0.43966,                0.48871,                0.25909,                 1.3982,                0.82764,                0.92814,              8.425e-05,              8.425e-05,              8.425e-05
                     76,                 1.4199,                 0.8519,                0.93386,                0.60409,                0.43923,                0.48991,                0.25932,                 1.3983,                0.82645,                0.92857,             7.1875e-05,             7.1875e-05,             7.1875e-05
                     77,                  1.415,                0.84846,                0.93294,                0.60515,                0.43969,                0.49076,                0.25948,                 1.3976,                0.82587,                0.92832,               5.95e-05,               5.95e-05,               5.95e-05
                     78,                 1.4141,                0.84762,                0.93283,                0.60466,                0.44023,                0.49044,                 0.2597,                 1.3969,                0.82573,                0.92808,             4.7125e-05,             4.7125e-05,             4.7125e-05
                     79,                 1.4186,                0.84915,                0.93255,                0.60543,                0.43926,                0.49023,                0.25952,                  1.397,                0.82541,                0.92803,              3.475e-05,              3.475e-05,              3.475e-05
                     80,                 1.4179,                0.84836,                0.93233,                0.60318,                0.44046,                 0.4902,                0.25964,                 1.3972,                0.82583,                0.92826,             2.2375e-05,             2.2375e-05,             2.2375e-05
